hotel,meal,total_night_booked,market_segment,revenue
Resort Hotel,BB,7,Online TA,1470578
City Hotel,BB,3,Online TA,1107999
City Hotel,BB,4,Online TA,1013428
City Hotel,BB,4,Online TA,898360
City Hotel,BB,7,Online TA,875916
City Hotel,BB,5,Online TA,857039
City Hotel,BB,3,Online TA,837158
City Hotel,BB,2,Online TA,720220
Resort Hotel,HB,7,Online TA,718507
City Hotel,BB,4,Online TA,680368
Resort Hotel,BB,7,Offline TA/TO,639172
City Hotel,BB,3,Online TA,609620
Resort Hotel,HB,7,Offline TA/TO,605829
City Hotel,BB,6,Online TA,468077
City Hotel,BB,5,Online TA,416884
Resort Hotel,BB,5,Online TA,406500
Resort Hotel,BB,7,Direct,404406
Resort Hotel,BB,6,Online TA,372822
City Hotel,BB,1,Online TA,367758
Resort Hotel,BB,14,Offline TA/TO,359679
City Hotel,BB,2,Online TA,346611
Resort Hotel,BB,4,Online TA,335306
Resort Hotel,BB,2,Online TA,326853
Resort Hotel,BB,4,Online TA,324245
Resort Hotel,BB,3,Online TA,296216
Resort Hotel,BB,5,Online TA,273515
City Hotel,SC,3,Online TA,254590
Resort Hotel,BB,3,Online TA,253282
Resort Hotel,HB,7,Direct,246435
City Hotel,SC,2,Online TA,243904
Resort Hotel,BB,4,Online TA,240610
Resort Hotel,BB,14,Online TA,235153
Resort Hotel,BB,8,Online TA,233862
Resort Hotel,HB,14,Offline TA/TO,232878
City Hotel,SC,3,Online TA,225707
City Hotel,BB,6,Online TA,223850
City Hotel,SC,4,Online TA,221352
City Hotel,BB,3,Offline TA/TO,215812
Resort Hotel,HB,6,Online TA,214189
Resort Hotel,BB,6,Online TA,212834
City Hotel,SC,4,Online TA,199845
City Hotel,BB,3,Offline TA/TO,188739
Resort Hotel,BB,3,Online TA,179996
Resort Hotel,BB,1,Online TA,178940
Resort Hotel,BB,9,Online TA,170461
City Hotel,BB,4,Offline TA/TO,164552
City Hotel,BB,3,Direct,163056
City Hotel,SC,3,Online TA,158446
City Hotel,SC,1,Online TA,153847
City Hotel,SC,4,Online TA,152241
City Hotel,BB,5,Offline TA/TO,150598
City Hotel,SC,7,Online TA,149709
Resort Hotel,HB,5,Online TA,149609
City Hotel,BB,2,Direct,147680
City Hotel,BB,1,Direct,144185
City Hotel,SC,5,Online TA,140194
Resort Hotel,BB,2,Online TA,140008
City Hotel,BB,3,Offline TA/TO,135259
City Hotel,BB,4,Offline TA/TO,134275
Resort Hotel,BB,1,Direct,133581
City Hotel,BB,7,Direct,133141
City Hotel,BB,7,Offline TA/TO,131482
City Hotel,BB,8,Online TA,128994
City Hotel,BB,4,Direct,126997
City Hotel,BB,5,Online TA,125424
City Hotel,HB,7,Online TA,123696
City Hotel,BB,2,Online TA,123341
City Hotel,BB,4,Direct,119733
Resort Hotel,BB,5,Direct,117040
City Hotel,BB,2,Offline TA/TO,116128
Resort Hotel,HB,6,Online TA,115036
Resort Hotel,BB,6,Direct,112331
Resort Hotel,HB,5,Online TA,111483
Resort Hotel,BB,2,Direct,111280
City Hotel,SC,2,Online TA,111046
City Hotel,BB,5,Direct,110081
Resort Hotel,BB,3,Direct,107063
City Hotel,BB,1,Online TA,106921
Resort Hotel,BB,10,Online TA,105337
City Hotel,BB,3,Direct,103352
Resort Hotel,HB,8,Online TA,102753
Resort Hotel,HB,7,Groups,101938
Resort Hotel,HB,4,Online TA,101102
Resort Hotel,BB,9,Online TA,98371
City Hotel,BB,3,Direct,94814
Resort Hotel,BB,5,Online TA,94548
Resort Hotel,BB,10,Online TA,93717
City Hotel,HB,5,Online TA,92008
City Hotel,BB,4,Direct,90731
City Hotel,BB,14,Online TA,90599
City Hotel,BB,4,Offline TA/TO,88971
City Hotel,SC,6,Online TA,86210
Resort Hotel,BB,4,Offline TA/TO,84852
Resort Hotel,HB,6,Direct,83069
City Hotel,BB,2,Groups,82419
Resort Hotel,FB,7,Offline TA/TO,82042
City Hotel,SC,5,Online TA,81411
Resort Hotel,BB,10,Online TA,81362
Resort Hotel,HB,14,Online TA,81353
Resort Hotel,BB,14,Direct,80606
Resort Hotel,BB,10,Offline TA/TO,79986
Resort Hotel,HB,4,Online TA,78478
Resort Hotel,BB,4,Direct,77372
City Hotel,BB,6,Direct,76627
City Hotel,BB,9,Online TA,75490
Resort Hotel,HB,3,Online TA,74996
Resort Hotel,BB,7,Groups,74606
Resort Hotel,HB,10,Offline TA/TO,74196
City Hotel,BB,1,Corporate,73277
Resort Hotel,HB,3,Online TA,73060
City Hotel,BB,2,Direct,72331
Resort Hotel,BB,5,Direct,72301
Resort Hotel,BB,3,Direct,72292
City Hotel,HB,4,Online TA,71189
Resort Hotel,BB,10,Offline TA/TO,70968
City Hotel,BB,2,Corporate,69032
Resort Hotel,BB,4,Direct,68114
City Hotel,BB,4,Groups,67903
City Hotel,BB,3,Groups,67708
Resort Hotel,HB,4,Online TA,67323
Resort Hotel,BB,8,Online TA,66994
Resort Hotel,HB,2,Online TA,63294
City Hotel,BB,3,Groups,62055
City Hotel,HB,3,Online TA,61668
Resort Hotel,BB,10,Offline TA/TO,60764
City Hotel,BB,10,Online TA,60569
City Hotel,BB,5,Direct,60331
City Hotel,BB,6,Offline TA/TO,60266
Resort Hotel,HB,8,Direct,58167
City Hotel,BB,2,Groups,58125
City Hotel,BB,5,Offline TA/TO,58106
City Hotel,HB,4,Online TA,58048
City Hotel,HB,3,Online TA,57589
Resort Hotel,BB,2,Online TA,57260
Resort Hotel,HB,5,Direct,56487
Resort Hotel,HB,10,Online TA,55379
City Hotel,SC,1,Online TA,55337
City Hotel,BB,1,Offline TA/TO,55159
Resort Hotel,BB,1,Online TA,55034
Resort Hotel,Undefined,7,Offline TA/TO,54029
Resort Hotel,FB,7,Direct,53918
Resort Hotel,HB,5,Direct,53830
Resort Hotel,BB,5,Offline TA/TO,53396
City Hotel,SC,2,Online TA,53063
City Hotel,BB,3,Groups,52613
Resort Hotel,BB,8,Direct,51983
Resort Hotel,BB,11,Online TA,51579
Resort Hotel,BB,6,Offline TA/TO,51059
Resort Hotel,BB,2,Direct,50213
Resort Hotel,BB,13,Online TA,49806
City Hotel,HB,2,Offline TA/TO,49438
City Hotel,BB,8,Online TA,49343
Resort Hotel,BB,4,Direct,49218
Resort Hotel,BB,12,Online TA,49206
Resort Hotel,BB,1,Corporate,48709
Resort Hotel,BB,6,Direct,48186
City Hotel,HB,6,Online TA,47530
Resort Hotel,HB,10,Online TA,46654
City Hotel,BB,2,Offline TA/TO,46536
Resort Hotel,HB,10,Offline TA/TO,46351
Resort Hotel,HB,9,Online TA,45001
City Hotel,BB,5,Groups,44666
Resort Hotel,BB,4,Offline TA/TO,43271
City Hotel,HB,5,Online TA,42675
City Hotel,BB,10,Online TA,42532
Resort Hotel,HB,10,Offline TA/TO,42261
City Hotel,BB,1,Direct,42251
Resort Hotel,BB,8,Offline TA/TO,41772
Resort Hotel,BB,1,Direct,41531
Resort Hotel,HB,9,Online TA,41070
City Hotel,HB,4,Online TA,40678
City Hotel,HB,3,Online TA,40657
City Hotel,HB,2,Online TA,39469
Resort Hotel,HB,8,Offline TA/TO,38977
Resort Hotel,BB,4,Groups,38913
City Hotel,HB,3,Offline TA/TO,38207
Resort Hotel,BB,9,Direct,37506
Resort Hotel,BB,3,Direct,35875
Resort Hotel,HB,6,Offline TA/TO,35817
City Hotel,BB,4,Groups,35802
Resort Hotel,BB,11,Online TA,35704
Resort Hotel,HB,5,Online TA,35529
Resort Hotel,HB,6,Direct,35494
Resort Hotel,HB,3,Online TA,35424
City Hotel,SC,8,Online TA,35198
City Hotel,BB,10,Online TA,34893
City Hotel,BB,9,Online TA,34243
Resort Hotel,HB,10,Direct,33956
City Hotel,BB,3,Corporate,33737
Resort Hotel,HB,10,Online TA,33733
Resort Hotel,HB,8,Online TA,33605
Resort Hotel,HB,11,Offline TA/TO,33594
Resort Hotel,BB,9,Offline TA/TO,33390
Resort Hotel,BB,11,Offline TA/TO,32786
Resort Hotel,BB,3,Groups,32774
Resort Hotel,HB,5,Offline TA/TO,32164
City Hotel,BB,6,Offline TA/TO,31449
City Hotel,BB,3,Corporate,31323
City Hotel,BB,12,Online TA,31237
Resort Hotel,HB,2,Online TA,31013
Resort Hotel,HB,9,Offline TA/TO,30915
City Hotel,HB,7,Offline TA/TO,30890
Resort Hotel,BB,5,Direct,30687
Resort Hotel,HB,10,Direct,30561
Resort Hotel,BB,11,Online TA,30390
Resort Hotel,HB,4,Direct,30252
Resort Hotel,HB,4,Direct,30115
Resort Hotel,BB,1,Offline TA/TO,30027
City Hotel,BB,14,Direct,29800
City Hotel,SC,6,Online TA,29373
Resort Hotel,BB,10,Direct,29128
Resort Hotel,HB,14,Direct,28870
City Hotel,HB,3,Offline TA/TO,28552
Resort Hotel,BB,5,Offline TA/TO,28422
Resort Hotel,BB,3,Offline TA/TO,28346
Resort Hotel,HB,9,Direct,28095
Resort Hotel,BB,5,Groups,28083
Resort Hotel,HB,10,Direct,28080
Resort Hotel,BB,2,Corporate,28034
City Hotel,HB,5,Offline TA/TO,27875
Resort Hotel,BB,9,Online TA,27455
Resort Hotel,Undefined,7,Direct,27054
City Hotel,BB,6,Direct,26973
Resort Hotel,BB,4,Offline TA/TO,26912
Resort Hotel,BB,8,Direct,26626
City Hotel,SC,5,Online TA,25872
City Hotel,BB,11,Online TA,25632
City Hotel,HB,6,Online TA,25362
City Hotel,BB,2,Corporate,25265
Resort Hotel,BB,9,Direct,25237
Resort Hotel,HB,5,Direct,24923
Resort Hotel,BB,3,Offline TA/TO,23802
Resort Hotel,BB,10,Direct,23622
City Hotel,BB,5,Offline TA/TO,23177
Resort Hotel,BB,10,Direct,23033
City Hotel,BB,1,Groups,22991
Resort Hotel,BB,11,Offline TA/TO,22895
Resort Hotel,HB,21,Offline TA/TO,22845
City Hotel,BB,4,Corporate,22553
City Hotel,BB,8,Direct,21663
Resort Hotel,BB,28,Online TA,21655
Resort Hotel,HB,4,Direct,21404
City Hotel,BB,4,Groups,21381
City Hotel,HB,7,Direct,21361
City Hotel,BB,15,Online TA,21126
Resort Hotel,HB,5,Offline TA/TO,21124
Resort Hotel,FB,7,Online TA,21014
Resort Hotel,BB,12,Online TA,20808
City Hotel,HB,3,Offline TA/TO,20729
Resort Hotel,BB,2,Offline TA/TO,20618
Resort Hotel,BB,12,Offline TA/TO,20566
Resort Hotel,BB,6,Offline TA/TO,20534
City Hotel,BB,2,Direct,20450
Resort Hotel,HB,6,Offline TA/TO,20073
City Hotel,BB,11,Online TA,20005
City Hotel,BB,29,Online TA,19989
Resort Hotel,BB,4,Groups,19685
Resort Hotel,HB,9,Offline TA/TO,19516
Resort Hotel,BB,9,Offline TA/TO,19348
Resort Hotel,FB,6,Direct,19268
Resort Hotel,HB,2,Groups,19081
City Hotel,BB,1,Corporate,19050
City Hotel,HB,4,Offline TA/TO,18722
City Hotel,HB,2,Offline TA/TO,18649
Resort Hotel,HB,8,Offline TA/TO,18583
Resort Hotel,HB,2,Groups,18489
Resort Hotel,HB,1,Online TA,18412
Resort Hotel,HB,3,Direct,18184
City Hotel,BB,9,Direct,18177
City Hotel,HB,3,Groups,17988
City Hotel,BB,13,Direct,17908
City Hotel,BB,11,Online TA,17672
City Hotel,HB,8,Online TA,17420
City Hotel,BB,8,Direct,17350
Resort Hotel,HB,4,Offline TA/TO,17297
City Hotel,HB,2,Online TA,17283
Resort Hotel,BB,13,Online TA,17176
Resort Hotel,HB,25,Groups,16863
City Hotel,BB,6,Groups,16480
Resort Hotel,Undefined,14,Offline TA/TO,16389
Resort Hotel,HB,11,Online TA,16375
Resort Hotel,Undefined,7,Groups,16286
City Hotel,HB,6,Offline TA/TO,16169
Resort Hotel,BB,7,Corporate,16103
City Hotel,BB,5,Direct,16041
City Hotel,BB,8,Offline TA/TO,15996
Resort Hotel,HB,4,Groups,15902
Resort Hotel,HB,4,Offline TA/TO,15846
City Hotel,BB,21,Online TA,15804
City Hotel,HB,5,Direct,15709
Resort Hotel,BB,12,Direct,15476
City Hotel,HB,1,Online TA,15430
City Hotel,BB,9,Online TA,15424
City Hotel,BB,2,Offline TA/TO,15414
Resort Hotel,BB,21,Offline TA/TO,15412
Resort Hotel,HB,11,Online TA,15120
Resort Hotel,BB,11,Direct,15078
Resort Hotel,HB,3,Direct,14778
City Hotel,HB,2,Groups,14620
City Hotel,SC,14,Online TA,14565
Resort Hotel,HB,2,Direct,14341
City Hotel,BB,1,Offline TA/TO,14202
Resort Hotel,BB,18,Online TA,14117
Resort Hotel,BB,5,Groups,14086
City Hotel,HB,5,Offline TA/TO,13972
City Hotel,HB,5,Online TA,13948
City Hotel,SC,1,Direct,13828
City Hotel,BB,15,Aviation,13725
Resort Hotel,HB,11,Direct,13721
Resort Hotel,Undefined,6,Direct,13712
Resort Hotel,BB,3,Corporate,13683
City Hotel,BB,11,Direct,13562
Resort Hotel,BB,11,Direct,13465
City Hotel,BB,3,Corporate,13414
Resort Hotel,BB,4,Corporate,13284
Resort Hotel,BB,13,Direct,13238
Resort Hotel,BB,2,Direct,13216
Resort Hotel,HB,12,Online TA,13147
Resort Hotel,BB,12,Online TA,13098
City Hotel,BB,9,Direct,12796
City Hotel,BB,12,Online TA,12715
City Hotel,BB,13,Online TA,12708
City Hotel,HB,2,Groups,12629
Resort Hotel,HB,14,Groups,12556
Resort Hotel,BB,9,Offline TA/TO,12425
City Hotel,HB,9,Online TA,12340
Resort Hotel,BB,8,Offline TA/TO,12298
Resort Hotel,BB,16,Online TA,12240
Resort Hotel,BB,21,Online TA,12217
City Hotel,HB,1,Offline TA/TO,12189
Resort Hotel,HB,3,Offline TA/TO,12152
City Hotel,HB,4,Offline TA/TO,12083
Resort Hotel,Undefined,3,Groups,11956
City Hotel,HB,3,Direct,11929
Resort Hotel,BB,15,Online TA,11913
City Hotel,BB,10,Direct,11825
Resort Hotel,HB,8,Direct,11699
Resort Hotel,BB,13,Direct,11682
Resort Hotel,HB,11,Online TA,11680
Resort Hotel,BB,8,Groups,11656
Resort Hotel,HB,9,Direct,11638
Resort Hotel,BB,1,Corporate,11502
Resort Hotel,BB,15,Direct,11500
Resort Hotel,BB,5,Offline TA/TO,11395
City Hotel,BB,17,Online TA,11384
Resort Hotel,HB,13,Online TA,11316
Resort Hotel,HB,9,Direct,11316
Resort Hotel,HB,10,Groups,11306
Resort Hotel,HB,2,Online TA,11296
Resort Hotel,FB,10,Offline TA/TO,11294
Resort Hotel,HB,3,Offline TA/TO,11290
City Hotel,HB,3,Direct,10853
City Hotel,BB,13,Direct,10832
Resort Hotel,HB,9,Online TA,10768
Resort Hotel,BB,3,Offline TA/TO,10705
City Hotel,SC,8,Online TA,10662
Resort Hotel,HB,11,Offline TA/TO,10567
City Hotel,BB,28,Online TA,10563
Resort Hotel,BB,11,Offline TA/TO,10545
Resort Hotel,HB,12,Online TA,10504
City Hotel,SC,9,Online TA,10498
City Hotel,HB,4,Offline TA/TO,10463
Resort Hotel,HB,4,Offline TA/TO,10338
City Hotel,BB,2,Groups,10316
City Hotel,SC,10,Online TA,10212
City Hotel,BB,19,Online TA,9597
City Hotel,HB,4,Direct,9577
Resort Hotel,HB,5,Offline TA/TO,9564
City Hotel,HB,4,Direct,9560
City Hotel,BB,13,Online TA,9546
Resort Hotel,BB,6,Groups,9458
Resort Hotel,HB,3,Direct,9418
Resort Hotel,HB,28,Offline TA/TO,9291
City Hotel,HB,4,Groups,9147
City Hotel,HB,5,Direct,9099
Resort Hotel,BB,3,Corporate,9074
Resort Hotel,HB,4,Groups,9040
Resort Hotel,Undefined,3,Groups,9020
Resort Hotel,BB,1,Offline TA/TO,8903
Resort Hotel,BB,2,Offline TA/TO,8862
Resort Hotel,BB,2,Corporate,8791
City Hotel,BB,20,Online TA,8790
City Hotel,BB,7,Groups,8656
Resort Hotel,BB,13,Corporate,8536
Resort Hotel,BB,10,Groups,8478
Resort Hotel,HB,13,Direct,8404
Resort Hotel,HB,13,Offline TA/TO,8396
Resort Hotel,BB,11,Direct,8092
City Hotel,BB,1,Groups,7988
City Hotel,BB,10,Offline TA/TO,7970
Resort Hotel,HB,11,Offline TA/TO,7952
Resort Hotel,Undefined,28,Offline TA/TO,7874
City Hotel,BB,5,Corporate,7812
Resort Hotel,FB,14,Offline TA/TO,7801
Resort Hotel,HB,11,Direct,7793
Resort Hotel,HB,2,Offline TA/TO,7768
Resort Hotel,HB,12,Direct,7644
City Hotel,BB,15,Direct,7610
Resort Hotel,HB,69,Direct,7590
City Hotel,BB,4,Corporate,7552
Resort Hotel,BB,8,Corporate,7519
Resort Hotel,BB,4,Corporate,7455
City Hotel,HB,4,Direct,7369
City Hotel,HB,6,Direct,7255
City Hotel,BB,4,Aviation,7246
Resort Hotel,HB,3,Offline TA/TO,7229
Resort Hotel,BB,4,Groups,7208
Resort Hotel,BB,9,Direct,7169
Resort Hotel,HB,18,Groups,7164
City Hotel,SC,20,Online TA,7114
City Hotel,SC,10,Online TA,7101
Resort Hotel,BB,2,Groups,7066
Resort Hotel,HB,3,Groups,7061
City Hotel,BB,4,Corporate,7055
Resort Hotel,FB,6,Offline TA/TO,7031
Resort Hotel,HB,2,Direct,7004
Resort Hotel,FB,11,Direct,6994
City Hotel,BB,8,Offline TA/TO,6984
City Hotel,BB,8,Corporate,6975
City Hotel,BB,22,Online TA,6889
City Hotel,SC,2,Direct,6882
City Hotel,HB,1,Direct,6864
Resort Hotel,HB,1,Direct,6851
Resort Hotel,Undefined,5,Direct,6757
Resort Hotel,HB,11,Groups,6702
City Hotel,SC,1,Direct,6691
City Hotel,BB,15,Online TA,6676
Resort Hotel,BB,6,Groups,6636
Resort Hotel,HB,60,Direct,6630
City Hotel,HB,14,Online TA,6565
City Hotel,HB,2,Offline TA/TO,6546
City Hotel,BB,33,Direct,6490
City Hotel,HB,8,Online TA,6457
Resort Hotel,BB,8,Groups,6408
City Hotel,BB,2,Corporate,6406
City Hotel,SC,10,Online TA,6393
Resort Hotel,BB,12,Offline TA/TO,6273
City Hotel,SC,4,Offline TA/TO,6272
City Hotel,BB,7,Corporate,6272
City Hotel,HB,3,Direct,6259
Resort Hotel,HB,21,Direct,6234
City Hotel,BB,2,Aviation,6212
City Hotel,BB,29,Direct,6148
Resort Hotel,HB,9,Offline TA/TO,6142
City Hotel,SC,5,Offline TA/TO,6093
Resort Hotel,Undefined,4,Groups,6068
City Hotel,SC,7,Offline TA/TO,6057
City Hotel,BB,12,Direct,5990
Resort Hotel,HB,12,Offline TA/TO,5950
Resort Hotel,FB,2,Groups,5932
City Hotel,BB,5,Groups,5925
Resort Hotel,HB,17,Online TA,5918
Resort Hotel,HB,2,Offline TA/TO,5904
City Hotel,SC,3,Offline TA/TO,5896
Resort Hotel,HB,16,Online TA,5856
City Hotel,BB,8,Groups,5850
City Hotel,HB,6,Offline TA/TO,5821
Resort Hotel,BB,17,Offline TA/TO,5775
Resort Hotel,HB,15,Offline TA/TO,5775
City Hotel,BB,30,Online TA,5753
Resort Hotel,HB,4,Groups,5734
City Hotel,SC,9,Online TA,5681
City Hotel,HB,6,Direct,5627
Resort Hotel,HB,13,Online TA,5604
City Hotel,BB,16,Direct,5584
Resort Hotel,HB,3,Groups,5526
City Hotel,BB,9,Offline TA/TO,5480
City Hotel,BB,12,Online TA,5460
Resort Hotel,BB,1,Groups,5415
Resort Hotel,BB,42,Offline TA/TO,5404
City Hotel,SC,4,Offline TA/TO,5336
City Hotel,HB,2,Online TA,5305
Resort Hotel,FB,10,Offline TA/TO,5240
Resort Hotel,BB,15,Online TA,5223
Resort Hotel,Undefined,8,Direct,5194
City Hotel,HB,10,Online TA,5193
City Hotel,BB,27,Online TA,5192
City Hotel,BB,1,Aviation,5174
City Hotel,SC,3,Offline TA/TO,5172
Resort Hotel,FB,11,Offline TA/TO,5163
Resort Hotel,Undefined,7,Online TA,5147
City Hotel,HB,10,Online TA,5098
Resort Hotel,BB,19,Online TA,5073
City Hotel,SC,22,Online TA,5059
Resort Hotel,Undefined,10,Offline TA/TO,4967
Resort Hotel,Undefined,3,Groups,4954
City Hotel,HB,4,Groups,4868
City Hotel,BB,3,Aviation,4842
City Hotel,BB,20,Online TA,4839
City Hotel,BB,10,Direct,4830
Resort Hotel,FB,9,Offline TA/TO,4828
City Hotel,BB,29,Online TA,4809
City Hotel,BB,9,Offline TA/TO,4806
City Hotel,BB,5,Aviation,4735
City Hotel,HB,2,Direct,4698
City Hotel,SC,16,Online TA,4696
Resort Hotel,BB,13,Offline TA/TO,4687
Resort Hotel,HB,16,Offline TA/TO,4678
City Hotel,BB,3,Aviation,4629
Resort Hotel,BB,15,Offline TA/TO,4627
Resort Hotel,FB,4,Direct,4623
Resort Hotel,Undefined,2,Groups,4614
Resort Hotel,Undefined,10,Offline TA/TO,4574
Resort Hotel,BB,28,Offline TA/TO,4544
City Hotel,SC,3,Direct,4541
City Hotel,SC,3,Direct,4512
Resort Hotel,BB,4,Corporate,4497
Resort Hotel,HB,6,Groups,4491
City Hotel,BB,19,Online TA,4457
City Hotel,SC,1,Offline TA/TO,4449
Resort Hotel,HB,21,Online TA,4446
City Hotel,BB,12,Direct,4438
City Hotel,BB,14,Aviation,4410
City Hotel,BB,13,Aviation,4407
City Hotel,SC,30,Online TA,4406
City Hotel,HB,9,Online TA,4396
City Hotel,HB,9,Online TA,4373
Resort Hotel,BB,16,Direct,4373
City Hotel,BB,6,Corporate,4368
City Hotel,SC,2,Offline TA/TO,4351
City Hotel,BB,11,Aviation,4345
City Hotel,BB,5,Groups,4325
City Hotel,BB,25,Online TA,4285
Resort Hotel,BB,1,Groups,4251
City Hotel,BB,14,Offline TA/TO,4216
City Hotel,SC,9,Online TA,4211
City Hotel,BB,30,Online TA,4200
Resort Hotel,Undefined,6,Offline TA/TO,4193
Resort Hotel,Undefined,5,Direct,4157
Resort Hotel,HB,1,Online TA,4101
City Hotel,HB,1,Groups,3994
Resort Hotel,FB,5,Direct,3993
City Hotel,SC,15,Online TA,3965
Resort Hotel,HB,16,Groups,3949
City Hotel,SC,3,Offline TA/TO,3945
Resort Hotel,Undefined,8,Corporate,3920
City Hotel,BB,23,Corporate,3910
Resort Hotel,HB,30,Online TA,3900
Resort Hotel,FB,5,Offline TA/TO,3897
Resort Hotel,BB,2,Groups,3874
Resort Hotel,HB,19,Online TA,3859
Resort Hotel,Undefined,8,Offline TA/TO,3853
City Hotel,BB,17,Online TA,3791
City Hotel,SC,6,Direct,3780
City Hotel,BB,4,Aviation,3776
Resort Hotel,BB,5,Corporate,3711
Resort Hotel,HB,9,Groups,3662
Resort Hotel,FB,9,Direct,3659
Resort Hotel,Undefined,10,Offline TA/TO,3647
Resort Hotel,BB,19,Online TA,3629
Resort Hotel,HB,12,Offline TA/TO,3620
Resort Hotel,BB,12,Direct,3606
City Hotel,SC,14,Direct,3581
Resort Hotel,BB,22,Corporate,3577
City Hotel,HB,8,Direct,3567
Resort Hotel,FB,5,Direct,3559
Resort Hotel,HB,18,Online TA,3528
City Hotel,SC,11,Online TA,3516
City Hotel,SC,4,Offline TA/TO,3467
Resort Hotel,BB,10,Corporate,3460
City Hotel,SC,7,Direct,3456
Resort Hotel,HB,30,Direct,3450
Resort Hotel,FB,3,Online TA,3439
City Hotel,HB,3,Groups,3435
City Hotel,HB,5,Offline TA/TO,3419
Resort Hotel,BB,9,Groups,3418
City Hotel,HB,10,Direct,3401
Resort Hotel,BB,10,Corporate,3370
City Hotel,SC,18,Online TA,3357
City Hotel,SC,4,Direct,3350
Resort Hotel,FB,10,Offline TA/TO,3340
Resort Hotel,BB,19,Offline TA/TO,3336
City Hotel,BB,26,Online TA,3328
Resort Hotel,BB,23,Groups,3312
Resort Hotel,BB,3,Groups,3301
Resort Hotel,FB,14,Online TA,3278
City Hotel,SC,19,Online TA,3276
Resort Hotel,Undefined,21,Offline TA/TO,3251
City Hotel,BB,8,Corporate,3230
Resort Hotel,FB,4,Corporate,3224
Resort Hotel,BB,10,Corporate,3218
City Hotel,HB,1,Online TA,3218
City Hotel,BB,18,Direct,3204
Resort Hotel,HB,7,Corporate,3199
City Hotel,BB,6,Groups,3198
Resort Hotel,Undefined,5,Offline TA/TO,3189
City Hotel,BB,26,Online TA,3188
City Hotel,BB,16,Online TA,3173
City Hotel,HB,2,Direct,3171
City Hotel,BB,34,Corporate,3162
City Hotel,SC,21,Online TA,3160
City Hotel,BB,30,Direct,3150
Resort Hotel,BB,22,Direct,3145
Resort Hotel,BB,2,Groups,3138
City Hotel,BB,3,Aviation,3105
City Hotel,HB,16,Online TA,3105
Resort Hotel,FB,13,Online TA,3089
City Hotel,BB,11,Offline TA/TO,3065
City Hotel,SC,2,Direct,3037
Resort Hotel,HB,5,Groups,3035
Resort Hotel,HB,13,Offline TA/TO,3035
Resort Hotel,Undefined,4,Direct,3034
City Hotel,HB,3,Groups,3030
Resort Hotel,HB,5,Groups,3015
City Hotel,SC,5,Direct,3015
City Hotel,BB,12,Offline TA/TO,3004
City Hotel,SC,2,Offline TA/TO,2949
City Hotel,HB,16,Online TA,2949
Resort Hotel,BB,9,Corporate,2949
Resort Hotel,FB,10,Online TA,2945
City Hotel,SC,4,Direct,2926
Resort Hotel,FB,10,Direct,2899
City Hotel,HB,10,Direct,2880
City Hotel,BB,7,Aviation,2870
City Hotel,HB,5,Direct,2867
Resort Hotel,Undefined,12,Direct,2864
Resort Hotel,FB,4,Online TA,2842
Resort Hotel,FB,3,Offline TA/TO,2839
Resort Hotel,Undefined,11,Offline TA/TO,2835
City Hotel,SC,13,Online TA,2810
Resort Hotel,BB,2,Offline TA/TO,2803
City Hotel,HB,8,Direct,2802
Resort Hotel,FB,8,Direct,2776
Resort Hotel,BB,35,Offline TA/TO,2765
Resort Hotel,HB,35,Offline TA/TO,2762
City Hotel,BB,21,Corporate,2730
Resort Hotel,BB,28,Direct,2725
Resort Hotel,FB,5,Online TA,2710
Resort Hotel,BB,12,Direct,2682
Resort Hotel,Undefined,12,Groups,2640
City Hotel,SC,30,Online TA,2640
City Hotel,BB,9,Direct,2611
City Hotel,SC,6,Offline TA/TO,2591
City Hotel,HB,19,Online TA,2584
Resort Hotel,FB,8,Offline TA/TO,2559
City Hotel,BB,24,Corporate,2544
Resort Hotel,BB,33,Corporate,2541
Resort Hotel,FB,7,Groups,2541
City Hotel,BB,5,Corporate,2535
Resort Hotel,Undefined,9,Direct,2529
Resort Hotel,HB,10,Groups,2485
Resort Hotel,HB,2,Direct,2481
Resort Hotel,Undefined,2,Direct,2453
Resort Hotel,FB,10,Online TA,2453
Resort Hotel,FB,4,Offline TA/TO,2430
City Hotel,SC,13,Online TA,2426
City Hotel,BB,19,Online TA,2423
Resort Hotel,BB,15,Corporate,2421
Resort Hotel,BB,11,Corporate,2404
City Hotel,BB,16,Direct,2400
City Hotel,SC,12,Online TA,2384
City Hotel,HB,6,Groups,2370
Resort Hotel,FB,3,Offline TA/TO,2362
Resort Hotel,Undefined,9,Groups,2358
Resort Hotel,HB,4,Corporate,2354
Resort Hotel,FB,5,Online TA,2347
City Hotel,BB,6,Corporate,2330
Resort Hotel,BB,3,Groups,2328
Resort Hotel,BB,15,Direct,2325
City Hotel,SC,12,Online TA,2323
City Hotel,BB,2,Aviation,2322
Resort Hotel,HB,28,Online TA,2318
City Hotel,SC,5,Offline TA/TO,2315
City Hotel,BB,10,Direct,2307
City Hotel,SC,15,Online TA,2297
Resort Hotel,HB,12,Online TA,2274
Resort Hotel,BB,3,Corporate,2272
Resort Hotel,BB,30,Online TA,2262
Resort Hotel,BB,6,Corporate,2246
Resort Hotel,HB,19,Offline TA/TO,2232
Resort Hotel,BB,5,Groups,2213
Resort Hotel,Undefined,12,Direct,2207
City Hotel,SC,16,Online TA,2195
City Hotel,BB,24,Online TA,2183
Resort Hotel,Undefined,4,Offline TA/TO,2170
Resort Hotel,Undefined,3,Direct,2167
Resort Hotel,FB,2,Groups,2165
Resort Hotel,FB,6,Offline TA/TO,2147
Resort Hotel,BB,17,Direct,2146
City Hotel,HB,1,Direct,2132
City Hotel,HB,3,Corporate,2106
City Hotel,BB,12,Direct,2102
City Hotel,HB,9,Direct,2070
City Hotel,SC,27,Online TA,2067
City Hotel,SC,5,Direct,2064
City Hotel,HB,11,Direct,2058
City Hotel,SC,4,Direct,2043
Resort Hotel,FB,5,Offline TA/TO,2014
Resort Hotel,Undefined,2,Groups,2008
City Hotel,SC,1,Offline TA/TO,2000
City Hotel,SC,16,Online TA,2000
Resort Hotel,FB,4,Offline TA/TO,1999
City Hotel,SC,29,Online TA,1991
Resort Hotel,Undefined,6,Direct,1991
Resort Hotel,FB,3,Groups,1980
City Hotel,BB,18,Offline TA/TO,1980
Resort Hotel,HB,29,Offline TA/TO,1978
City Hotel,HB,13,Online TA,1977
Resort Hotel,Undefined,3,Offline TA/TO,1957
City Hotel,BB,24,Online TA,1935
Resort Hotel,HB,1,Direct,1930
Resort Hotel,BB,5,Corporate,1912
Resort Hotel,Undefined,3,Offline TA/TO,1909
Resort Hotel,FB,4,Direct,1908
Resort Hotel,HB,28,Direct,1904
Resort Hotel,BB,45,Direct,1895
Resort Hotel,Undefined,12,Offline TA/TO,1892
Resort Hotel,Undefined,6,Groups,1880
Resort Hotel,BB,14,Corporate,1879
Resort Hotel,FB,14,Direct,1860
Resort Hotel,HB,8,Groups,1856
Resort Hotel,HB,1,Groups,1851
City Hotel,BB,11,Direct,1851
City Hotel,SC,21,Direct,1848
Resort Hotel,BB,10,Groups,1846
City Hotel,HB,11,Online TA,1846
City Hotel,SC,24,Online TA,1843
Resort Hotel,FB,3,Direct,1841
Resort Hotel,HB,3,Groups,1828
City Hotel,BB,14,Corporate,1820
City Hotel,BB,19,Corporate,1805
City Hotel,SC,12,Online TA,1805
Resort Hotel,HB,22,Direct,1800
City Hotel,BB,24,Online TA,1795
Resort Hotel,HB,12,Offline TA/TO,1788
City Hotel,SC,26,Online TA,1777
Resort Hotel,BB,26,Direct,1768
City Hotel,BB,5,Corporate,1750
City Hotel,SC,24,Online TA,1737
Resort Hotel,HB,5,Groups,1736
Resort Hotel,Undefined,9,Offline TA/TO,1724
Resort Hotel,HB,21,Groups,1722
Resort Hotel,Undefined,5,Offline TA/TO,1703
City Hotel,BB,18,Online TA,1698
Resort Hotel,BB,14,Groups,1694
City Hotel,HB,9,Offline TA/TO,1691
Resort Hotel,HB,14,Corporate,1680
City Hotel,BB,13,Corporate,1677
Resort Hotel,Undefined,5,Direct,1675
Resort Hotel,BB,16,Offline TA/TO,1656
Resort Hotel,FB,6,Groups,1655
Resort Hotel,Undefined,8,Online TA,1642
City Hotel,BB,4,Aviation,1640
Resort Hotel,FB,2,Direct,1630
Resort Hotel,HB,15,Direct,1626
Resort Hotel,HB,22,Online TA,1624
City Hotel,SC,5,Offline TA/TO,1620
Resort Hotel,FB,13,Direct,1617
City Hotel,BB,10,Offline TA/TO,1613
Resort Hotel,BB,56,Online TA,1612
City Hotel,HB,11,Online TA,1606
City Hotel,SC,3,Direct,1589
City Hotel,BB,21,Direct,1589
Resort Hotel,BB,18,Offline TA/TO,1581
City Hotel,BB,23,Online TA,1569
Resort Hotel,Undefined,8,Online TA,1568
City Hotel,BB,2,Aviation,1563
Resort Hotel,BB,23,Online TA,1561
Resort Hotel,FB,3,Online TA,1555
Resort Hotel,BB,5,Corporate,1526
City Hotel,HB,5,Groups,1525
City Hotel,BB,16,Aviation,1520
City Hotel,SC,2,Offline TA/TO,1519
Resort Hotel,HB,6,Groups,1518
City Hotel,SC,20,Online TA,1517
City Hotel,HB,10,Online TA,1508
City Hotel,BB,20,Direct,1500
Resort Hotel,BB,18,Online TA,1494
Resort Hotel,BB,26,Online TA,1451
Resort Hotel,BB,35,Direct,1451
City Hotel,HB,10,Offline TA/TO,1445
Resort Hotel,BB,2,Corporate,1430
Resort Hotel,BB,12,Corporate,1428
Resort Hotel,BB,56,Offline TA/TO,1428
Resort Hotel,FB,8,Online TA,1428
City Hotel,BB,19,Direct,1425
Resort Hotel,Undefined,4,Direct,1404
City Hotel,BB,18,Online TA,1394
Resort Hotel,FB,6,Online TA,1392
Resort Hotel,FB,5,Direct,1375
Resort Hotel,BB,19,Corporate,1368
Resort Hotel,BB,11,Corporate,1366
Resort Hotel,Undefined,9,Direct,1364
Resort Hotel,BB,27,Offline TA/TO,1349
Resort Hotel,Undefined,11,Direct,1334
Resort Hotel,Undefined,6,Online TA,1326
City Hotel,BB,12,Aviation,1320
Resort Hotel,HB,18,Offline TA/TO,1301
City Hotel,BB,11,Offline TA/TO,1296
Resort Hotel,FB,9,Offline TA/TO,1282
Resort Hotel,Undefined,12,Offline TA/TO,1282
Resort Hotel,BB,16,Corporate,1280
City Hotel,BB,11,Direct,1255
City Hotel,BB,17,Offline TA/TO,1228
Resort Hotel,HB,2,Offline TA/TO,1219
Resort Hotel,BB,8,Corporate,1217
Resort Hotel,Undefined,3,Direct,1205
City Hotel,HB,8,Offline TA/TO,1203
City Hotel,BB,17,Direct,1201
Resort Hotel,HB,15,Groups,1200
Resort Hotel,BB,17,Online TA,1186
Resort Hotel,FB,4,Direct,1152
City Hotel,BB,15,Direct,1151
City Hotel,SC,2,Direct,1151
Resort Hotel,HB,17,Offline TA/TO,1149
Resort Hotel,FB,3,Offline TA/TO,1148
City Hotel,SC,8,Offline TA/TO,1146
Resort Hotel,HB,15,Online TA,1107
Resort Hotel,Undefined,8,Offline TA/TO,1102
City Hotel,BB,10,Aviation,1100
City Hotel,BB,5,Aviation,1100
Resort Hotel,BB,29,Online TA,1097
City Hotel,SC,11,Online TA,1089
Resort Hotel,HB,9,Groups,1088
Resort Hotel,BB,12,Corporate,1074
Resort Hotel,BB,12,Groups,1068
City Hotel,BB,11,Corporate,1056
Resort Hotel,HB,17,Online TA,1047
Resort Hotel,FB,6,Online TA,1044
Resort Hotel,Undefined,5,Online TA,1036
City Hotel,HB,10,Offline TA/TO,1023
City Hotel,FB,3,Groups,1008
City Hotel,BB,1,Aviation,1003
City Hotel,BB,2,Complementary,1000
Resort Hotel,BB,21,Direct,998
Resort Hotel,FB,12,Offline TA/TO,994
Resort Hotel,BB,9,Groups,970
Resort Hotel,FB,2,Offline TA/TO,969
Resort Hotel,Undefined,10,Direct,960
Resort Hotel,Undefined,2,Groups,944
City Hotel,HB,8,Offline TA/TO,929
City Hotel,HB,1,Corporate,924
City Hotel,BB,10,Offline TA/TO,910
Resort Hotel,Undefined,2,Offline TA/TO,905
Resort Hotel,FB,2,Online TA,902
Resort Hotel,BB,12,Corporate,900
City Hotel,SC,12,Direct,900
Resort Hotel,HB,11,Groups,891
Resort Hotel,FB,2,Offline TA/TO,887
Resort Hotel,Undefined,4,Online TA,882
Resort Hotel,HB,1,Corporate,874
City Hotel,BB,9,Offline TA/TO,872
Resort Hotel,FB,4,Offline TA/TO,853
Resort Hotel,FB,3,Groups,840
Resort Hotel,Undefined,5,Offline TA/TO,829
City Hotel,BB,9,Corporate,825
Resort Hotel,FB,3,Direct,822
City Hotel,SC,2,Corporate,820
City Hotel,HB,2,Groups,812
Resort Hotel,HB,10,Groups,800
Resort Hotel,Undefined,2,Online TA,800
City Hotel,SC,11,Offline TA/TO,782
Resort Hotel,FB,1,Offline TA/TO,772
Resort Hotel,BB,7,Complementary,768
City Hotel,BB,8,Aviation,760
Resort Hotel,HB,5,Corporate,760
Resort Hotel,HB,2,Corporate,756
Resort Hotel,HB,1,Offline TA/TO,740
Resort Hotel,HB,1,Offline TA/TO,736
Resort Hotel,Undefined,2,Direct,734
City Hotel,HB,1,Offline TA/TO,727
Resort Hotel,BB,10,Groups,726
City Hotel,HB,9,Offline TA/TO,721
Resort Hotel,HB,9,Groups,720
Resort Hotel,Undefined,8,Groups,720
Resort Hotel,FB,1,Direct,683
City Hotel,SC,1,Corporate,673
Resort Hotel,BB,11,Groups,666
City Hotel,BB,6,Aviation,660
City Hotel,BB,10,Corporate,650
Resort Hotel,Undefined,6,Groups,630
Resort Hotel,BB,16,Online TA,621
City Hotel,SC,9,Offline TA/TO,604
Resort Hotel,FB,3,Groups,582
Resort Hotel,BB,6,Corporate,570
City Hotel,BB,6,Aviation,570
City Hotel,SC,8,Offline TA/TO,569
Resort Hotel,FB,3,Online TA,568
City Hotel,HB,5,Groups,567
City Hotel,HB,7,Groups,556
City Hotel,SC,10,Offline TA/TO,552
Resort Hotel,FB,2,Direct,548
Resort Hotel,BB,11,Groups,517
Resort Hotel,Undefined,4,Direct,515
City Hotel,SC,6,Offline TA/TO,510
Resort Hotel,BB,20,Offline TA/TO,499
Resort Hotel,FB,4,Online TA,482
City Hotel,BB,8,Groups,480
City Hotel,SC,57,Online TA,475
Resort Hotel,Undefined,1,Direct,445
Resort Hotel,Undefined,4,Groups,440
Resort Hotel,HB,2,Corporate,412
City Hotel,BB,3,Complementary,392
Resort Hotel,Undefined,1,Offline TA/TO,380
City Hotel,BB,2,Complementary,377
Resort Hotel,HB,1,Corporate,357
City Hotel,HB,2,Direct,342
Resort Hotel,Undefined,2,Direct,338
Resort Hotel,FB,4,Groups,336
Resort Hotel,FB,4,Groups,336
City Hotel,BB,6,Complementary,333
Resort Hotel,BB,9,Corporate,324
Resort Hotel,HB,4,Corporate,320
Resort Hotel,SC,4,Offline TA/TO,302
Resort Hotel,Undefined,5,Online TA,273
City Hotel,BB,1,Complementary,259
Resort Hotel,SC,5,Complementary,252
Resort Hotel,SC,5,Groups,250
Resort Hotel,SC,7,Groups,250
hotel,BB,2,Online TA,238
City Hotel,BB,3,Complementary,237
Resort Hotel,HB,2,Complementary,234
Resort Hotel,Undefined,2,Online TA,230
Resort Hotel,FB,3,Corporate,228
Resort Hotel,BB,2,Complementary,224
Resort Hotel,SC,10,Groups,224
Resort Hotel,SC,4,Groups,222
City Hotel,FB,1,Direct,216
Resort Hotel,BB,2,Complementary,213
City Hotel,FB,1,Offline TA/TO,206
Resort Hotel,SC,17,Groups,196
Resort Hotel,HB,3,Corporate,178
hotel,BB,3,Online TA,174
Resort Hotel,FB,1,Groups,160
City Hotel,BB,1,Complementary,139
Resort Hotel,FB,2,Corporate,136
Resort Hotel,Undefined,1,Online TA,122
Resort Hotel,Undefined,3,Direct,119
City Hotel,HB,4,Complementary,116
Resort Hotel,FB,2,Complementary,108
City Hotel,BB,5,Complementary,100
Resort Hotel,Undefined,1,Corporate,97
City Hotel,HB,1,Groups,88
Resort Hotel,SC,4,Direct,84
Resort Hotel,SC,8,Online TA,84
City Hotel,BB,2,Complementary,83
Resort Hotel,FB,1,Direct,82
Resort Hotel,FB,1,Offline TA/TO,82
City Hotel,SC,1,Corporate,80
Resort Hotel,SC,1,Direct,80
Resort Hotel,BB,3,Complementary,77
Resort Hotel,HB,1,Groups,74
hotel,HB,1,Groups,72
City Hotel,BB,2,Undefined,72
Resort Hotel,BB,1,Complementary,68
Resort Hotel,SC,7,Complementary,64
Resort Hotel,SC,7,Direct,59
Resort Hotel,HB,1,Complementary,56
Resort Hotel,Undefined,1,Groups,55
Resort Hotel,Undefined,1,Groups,55
Resort Hotel,BB,5,Complementary,30
City Hotel,SC,8,Groups,27
Resort Hotel,BB,5,Complementary,26
City Hotel,BB,1,Undefined,24
Resort Hotel,SC,7,Offline TA/TO,21
Resort Hotel,SC,4,Online TA,18
City Hotel,SC,3,Corporate,18
Resort Hotel,SC,9,Groups,14
Resort Hotel,SC,9,Offline TA/TO,14
Resort Hotel,BB,2,Complementary,12
Resort Hotel,SC,38,Groups,10
City Hotel,BB,5,Complementary,8
Resort Hotel,BB,1,Complementary,6
City Hotel,HB,2,Complementary,6
Resort Hotel,SC,1,Corporate,6
City Hotel,SC,2,Corporate,2
City Hotel,SC,5,Corporate,0
City Hotel,SC,12,Corporate,0
City Hotel,SC,15,Corporate,0
City Hotel,SC,22,Corporate,0
Resort Hotel,SC,0,Corporate,0
Resort Hotel,SC,2,Corporate,0
Resort Hotel,SC,3,Corporate,0
Resort Hotel,SC,3,Corporate,0
Resort Hotel,SC,4,Corporate,0
Resort Hotel,SC,8,Corporate,0
Resort Hotel,SC,9,Corporate,0
Resort Hotel,SC,9,Corporate,0
City Hotel,BB,0,Direct,0
Resort Hotel,BB,0,Direct,0
Resort Hotel,SC,12,Complementary,0
Resort Hotel,SC,30,Complementary,0
Resort Hotel,Undefined,3,Complementary,0
Resort Hotel,Undefined,3,Complementary,0
Resort Hotel,Undefined,3,Complementary,0
City Hotel,BB,0,Corporate,0
City Hotel,BB,49,Corporate,0
Resort Hotel,BB,0,Corporate,0
Resort Hotel,BB,4,Complementary,0
Resort Hotel,BB,3,Complementary,0
City Hotel,BB,3,Complementary,0
City Hotel,BB,4,Complementary,0
City Hotel,BB,6,Complementary,0
City Hotel,BB,9,Complementary,0
City Hotel,BB,14,Complementary,0
City Hotel,HB,1,Complementary,0
City Hotel,HB,2,Complementary,0
City Hotel,HB,1,Complementary,0
City Hotel,FB,1,Complementary,0
City Hotel,FB,2,Complementary,0
City Hotel,FB,3,Complementary,0
City Hotel,FB,2,Complementary,0
Resort Hotel,FB,1,Complementary,0
Resort Hotel,FB,2,Complementary,0
Resort Hotel,HB,1,Complementary,0
Resort Hotel,HB,4,Complementary,0
Resort Hotel,HB,8,Complementary,0
City Hotel,SC,0,Complementary,0
City Hotel,SC,1,Complementary,0
City Hotel,SC,2,Complementary,0
City Hotel,SC,1,Complementary,0
Resort Hotel,SC,1,Complementary,0
City Hotel,BB,4,Complementary,0
City Hotel,BB,5,Complementary,0
City Hotel,BB,0,Complementary,0
City Hotel,BB,0,Aviation,0
Resort Hotel,Undefined,0,Groups,0
Resort Hotel,SC,8,Groups,0
Resort Hotel,SC,6,Groups,0
City Hotel,BB,0,Offline TA/TO,0
City Hotel,SC,10,Groups,0
Resort Hotel,SC,1,Groups,0
Resort Hotel,SC,2,Groups,0
Resort Hotel,SC,3,Groups,0
Resort Hotel,SC,5,Groups,0
Resort Hotel,SC,4,Groups,0
City Hotel,SC,0,Groups,0
City Hotel,SC,3,Groups,0
City Hotel,SC,2,Groups,0
City Hotel,SC,4,Groups,0
City Hotel,SC,6,Groups,0
Resort Hotel,HB,8,Groups,0
Resort Hotel,HB,0,Groups,0
City Hotel,HB,0,Groups,0
Resort Hotel,BB,0,Groups,0
Resort Hotel,BB,12,Groups,0
Resort Hotel,SC,8,Direct,0
Resort Hotel,SC,11,Direct,0
Resort Hotel,SC,12,Direct,0
Resort Hotel,SC,14,Direct,0
Resort Hotel,SC,5,Direct,0
Resort Hotel,SC,6,Direct,0
Resort Hotel,SC,2,Direct,0
Resort Hotel,SC,4,Direct,0
Resort Hotel,SC,4,Direct,0
Resort Hotel,SC,3,Direct,0
City Hotel,SC,27,Direct,0
Resort Hotel,SC,0,Direct,0
City Hotel,SC,0,Direct,0
City Hotel,BB,0,Groups,0
Resort Hotel,HB,0,Direct,0
City Hotel,HB,0,Direct,0
Resort Hotel,SC,14,Offline TA/TO,0
Resort Hotel,SC,15,Offline TA/TO,0
Resort Hotel,Undefined,0,Offline TA/TO,0
Resort Hotel,SC,10,Offline TA/TO,0
Resort Hotel,SC,8,Offline TA/TO,0
Resort Hotel,SC,9,Offline TA/TO,0
Resort Hotel,SC,0,Offline TA/TO,0
Resort Hotel,SC,1,Offline TA/TO,0
Resort Hotel,SC,2,Offline TA/TO,0
City Hotel,SC,0,Offline TA/TO,0
Resort Hotel,BB,0,Online TA,0
City Hotel,BB,0,Online TA,0
Resort Hotel,FB,0,Offline TA/TO,0
City Hotel,BB,11,Offline TA/TO,0
Resort Hotel,BB,0,Offline TA/TO,0
Resort Hotel,HB,0,Offline TA/TO,0
City Hotel,HB,0,Offline TA/TO,0
Resort Hotel,SC,5,Online TA,0
Resort Hotel,SC,6,Online TA,0
Resort Hotel,SC,7,Online TA,0
Resort Hotel,SC,1,Online TA,0
Resort Hotel,SC,2,Online TA,0
Resort Hotel,SC,3,Online TA,0
Resort Hotel,SC,5,Online TA,0
City Hotel,SC,29,Online TA,0
Resort Hotel,SC,29,Online TA,0
Resort Hotel,SC,46,Online TA,0
City Hotel,SC,43,Online TA,0
City Hotel,SC,48,Online TA,0
City Hotel,HB,0,Online TA,0
City Hotel,SC,0,Online TA,0
Resort Hotel,HB,0,Online TA,0
