arrival_date_year,country,revenue
2018,AGO,20772.54
2018,ALB,559.78
2018,ARG,5262.23
2018,ARM,345.8
2018,AUS,7366.58
2018,AUT,28596.89
2018,AZE,555
2018,BEL,68764.45
2018,BGR,771
2018,BLR,2198.5
2018,BRA,46777.87
2018,BWA,355.5
2018,CHE,59699.27
2018,CHL,1517.69
2018,CHN,9820.34
2018,CMR,1339.07
2018,CN,29792.78
2018,COL,1152
2018,CPV,1346
2018,CRI,1579.16
2018,CYM,162
2018,CZE,7694.77
2018,DEU,119217.5
2018,DNK,9886.96
2018,DOM,180
2018,DZA,5065
2018,ECU,421.2
2018,EGY,1840
2018,ESP,467999.29
2018,EST,1758.9
2018,ETH,550.08
2018,FIN,16393.81
2018,FRA,303481.6
2018,GBR,523545.42
2018,GEO,210
2018,GIB,171
2018,GRC,9659.13
2018,HRV,3487.12
2018,HUN,6089.88
2018,IDN,1934
2018,IND,3792.48
2018,IRL,210024.47
2018,IRN,4465.1
2018,IRQ,1367.5
2018,ISR,14473.37
2018,ITA,108591.3
2018,JOR,1160
2018,JPN,10085.5
2018,KAZ,1711.2
2018,KNA,140
2018,KOR,2663.2
2018,KWT,300
2018,LBN,1498.91
2018,LIE,182.4
2018,LKA,474.9
2018,LTU,5833.65
2018,LUX,10895.64
2018,LVA,5444.51
2018,MAR,8865.24
2018,MEX,5300.8
2018,MKD,870
2018,MMR,290
2018,MOZ,3489.04
2018,MUS,162
2018,MYS,1280.86
2018,NGA,673
2018,NLD,73778.75
2018,NOR,17112.36
2018,NULL,35199.74
2018,NZL,2985.86
2018,OMN,2738.96
2018,PAN,596.7
2018,PER,420
2018,PHL,278
2018,POL,33273
2018,PRI,208.92
2018,PRT,2382909.89
2018,ROU,26378.1
2018,RUS,29381.47
2018,SAU,851
2018,SEN,180
2018,SGP,803.16
2018,SMR,264.6
2018,SRB,2733.55
2018,STP,124
2018,SVK,1864.9
2018,SVN,4427.43
2018,SWE,28384.65
2018,THA,1070.2
2018,TMP,391.2
2018,TUN,1735
2018,TUR,5065.34
2018,TWN,722.4
2018,UKR,3247
2018,USA,52460.08
2018,VEN,1977.98
2018,ZAF,892.42
2018,ZMB,580.02
2018,ZWE,52.2
2019,ABW,630.72
2019,AGO,186818.81
2019,AIA,1060
2019,ALB,1971.45
2019,AND,2118
2019,ARE,16436.57
2019,ARG,33033.41
2019,ARM,1405.6
2019,ATA,351
2019,AUS,51305.08
2019,AUT,169730.72
2019,AZE,2771.91
2019,BDI,92
2019,BEL,372577.389999999
2019,BEN,374.4
2019,BFA,80.3
2019,BGD,3126.94
2019,BGR,12776.35
2019,BHR,403.75
2019,BIH,3092.65
2019,BLR,3249.28
2019,BOL,750
2019,BRA,348953.14
2019,BRB,380
2019,BWA,355.5
2019,CAF,503.3
2019,CHE,310453.13
2019,CHL,15497.93
2019,CHN,127668.28
2019,CIV,506
2019,CMR,1648.09
2019,CN,167636.87
2019,COL,8428.5
2019,COM,71.61
2019,CPV,8450.79
2019,CRI,1328.58
2019,CUB,437.5
2019,CYP,3470.5
2019,CZE,23449.51
2019,DEU,998583.490000001
2019,DMA,421.2
2019,DNK,75322.8
2019,DOM,557.01
2019,DZA,22873.4
2019,ECU,3701.2
2019,EGY,9648.36
2019,ESP,1468409.86
2019,EST,24843.69
2019,FIN,86962.53
2019,FRA,1726188.68
2019,GAB,615
2019,GBR,2123332.39
2019,GEO,6196.42
2019,GGY,418.7
2019,GHA,1357.2
2019,GIB,4370.72
2019,GLP,420
2019,GNB,4652.89
2019,GRC,21843.73
2019,GUY,360
2019,HKG,4225.7
2019,HND,79
2019,HRV,17745.49
2019,HUN,36665.69
2019,IDN,1543.85
2019,IMN,315.9
2019,IND,29118.88
2019,IRL,678906.37
2019,IRN,15037.14
2019,IRQ,1800
2019,ISL,4726.9
2019,ISR,60368.39
2019,ITA,609708.67
2019,JAM,1565.17
2019,JEY,1967.37
2019,JOR,1156.76
2019,JPN,31740.27
2019,KAZ,3655.9
2019,KEN,1029.34
2019,KHM,396
2019,KOR,13467.87
2019,KWT,3422.8
2019,LBN,3943.68
2019,LBY,1027
2019,LCA,403.75
2019,LIE,351
2019,LKA,279
2019,LTU,18290.89
2019,LUX,46377.76
2019,LVA,7771.23
2019,MAC,265.5
2019,MAR,59165.72
2019,MCO,505.8
2019,MDV,2255.3
2019,MEX,11822.32
2019,MKD,2172.8
2019,MLI,89
2019,MLT,3487.6
2019,MNE,755
2019,MOZ,12602.2
2019,MUS,1604.91
2019,MWI,252
2019,MYS,4372.12
2019,NAM,486.44
2019,NGA,8587.95
2019,NIC,417
2019,NLD,368759.55
2019,NOR,109801.48
2019,NULL,55084.25
2019,NZL,8833.43
2019,OMN,4730.8
2019,PAK,4032.98
2019,PAN,716
2019,PER,4497.25
2019,PHL,2487.19
2019,PLW,954.03
2019,POL,170810.76
2019,PRI,1230
2019,PRT,5138815.78000001
2019,PRY,226.8
2019,PYF,432
2019,QAT,3189.41
2019,ROU,121160.05
2019,RUS,113214.35
2019,RWA,964.74
2019,SAU,24231.82
2019,SEN,2936.24
2019,SGP,6046.64
2019,SLV,137.7
2019,SRB,8793.08
2019,SUR,758
2019,SVK,9232.8
2019,SVN,10012.54
2019,SWE,172572.13
2019,SYC,89.25
2019,SYR,108
2019,THA,6352.3
2019,TJK,423
2019,TMP,767.4
2019,TUN,9783.33
2019,TUR,47148.74
2019,TWN,7223.01
2019,TZA,1246
2019,UGA,255
2019,UKR,15325.65
2019,URY,6543.42
2019,USA,284304.59
2019,UZB,475.2
2019,VEN,2767.1
2019,VGB,301.5
2019,VNM,1583.53
2019,ZAF,10861.62
2019,ZMB,214.2
2020,ABW,297
2020,AGO,124317.39
2020,ALB,1215.8
2020,AND,4873.99
2020,ARE,13774.16
2020,ARG,36789.75
2020,ARM,251.7
2020,ASM,72.07
2020,ATA,186
2020,ATF,252
2020,AUS,71875.63
2020,AUT,171739.58
2020,AZE,5645.2
2020,BEL,450159.630000001
2020,BEN,489.6
2020,BGD,3790.03
2020,BGR,12826.37
2020,BHR,1683.8
2020,BHS,355.95
2020,BIH,1261.8
2020,BLR,4978.15
2020,BRA,405253.22
2020,CAF,543.68
2020,CHE,367582.25
2020,CHL,6760.28
2020,CHN,120416.13
2020,CIV,2672
2020,CMR,877.82
2020,CN,247002.62
2020,COL,12047.4
2020,COM,259
2020,CPV,5107.54
2020,CRI,1371.2
2020,CUB,1374.38
2020,CYP,11070.9
2020,CZE,23214.9
2020,DEU,997734.749999999
2020,DJI,273
2020,DNK,105939.82
2020,DOM,5479.9
2020,DZA,12070.24
2020,ECU,6498.99
2020,EGY,2946.48
2020,ESP,1130800.16
2020,EST,15555.39
2020,ETH,848.4
2020,FIN,68863.18
2020,FJI,405.99
2020,FRA,1588490.28
2020,FRO,4933
2020,GAB,783
2020,GBR,2153413.12999999
2020,GEO,9791.18
2020,GHA,1475
2020,GIB,3822
2020,GNB,523.6
2020,GRC,20853.95
2020,GTM,368
2020,HKG,3202.3
2020,HRV,19663.3
2020,HUN,49268.53
2020,IDN,6275.85
2020,IMN,648
2020,IND,19082.53
2020,IRL,698839.779999999
2020,IRN,23858.09
2020,IRQ,912
2020,ISL,9053.99
2020,ISR,60987.97
2020,ITA,501701.42
2020,JAM,1115
2020,JEY,608
2020,JOR,3072.3
2020,JPN,27552.23
2020,KAZ,4339.8
2020,KEN,2054.6
2020,KIR,432
2020,KNA,228.8
2020,KOR,16127.27
2020,KWT,3404.02
2020,LAO,909.99
2020,LBN,4696.72
2020,LBY,510
2020,LIE,394.4
2020,LKA,2135
2020,LTU,12799.04
2020,LUX,77941.36
2020,LVA,8242.33
2020,MAC,3139.92
2020,MAR,64923.92
2020,MCO,446.12
2020,MDG,44
2020,MDV,4489.8
2020,MEX,6919.94
2020,MLT,2239.34
2020,MNE,2079
2020,MOZ,13453.96
2020,MRT,585.9
2020,MUS,657.2
2020,MYS,960.08
2020,MYT,1480.5
2020,NCL,702
2020,NGA,6774.32
2020,NLD,294544.53
2020,NOR,148874.05
2020,NPL,255
2020,NULL,6724.36
2020,NZL,6840.22
2020,OMN,1541.36
2020,PAK,2568.83
2020,PAN,2256
2020,PER,3808.16
2020,PHL,10855.2
2020,POL,143490.5
2020,PRI,240
2020,PRT,2850085.75
2020,PRY,445
2020,QAT,4912.5
2020,ROU,115266.92
2020,RUS,158716.37
2020,SAU,5613.5
2020,SDN,297
2020,SEN,8974.52
2020,SGP,2494.25
2020,SLE,850.01
2020,SLV,320
2020,SRB,7965.98
2020,STP,220
2020,SUR,1221
2020,SVK,9109.23
2020,SVN,4476.43
2020,SWE,182001.69
2020,SYC,525
2020,SYR,756
2020,TGO,1784.5
2020,THA,6786.3
2020,TJK,321.3
2020,TUN,4182.81
2020,TUR,26541.71
2020,TWN,7273.59
2020,TZA,240
2020,UKR,5894.93
2020,UMI,600
2020,URY,6348.42
2020,USA,316812.62
2020,UZB,693.19
2020,VEN,2375
2020,VNM,1164.87
2020,ZAF,12914.97
2020,ZWE,816.69
